1,Lily,Polygender,7/26/1951,UT
2,Nicola,Genderqueer,8/18/1926,FL
3,Tonie,Bigender,1/16/1947,TX
4,Dew,Female,6/1/1948,FL
5,Terence,Bigender,8/29/1990,UT
6,Eugenius,Bigender,11/7/1965,IN
7,Ignaz,Non-binary,4/17/1970,PA
8,Ephrem,Male,8/15/1961,IL
9,Nert,Genderqueer,12/27/1939,CA
10,Alberik,Polygender,1/7/1940,VA
11,Tamarah,Polygender,7/26/1944,NC
12,Benson,Polygender,10/6/1924,MI
13,Terese,Genderfluid,8/25/1974,FL
14,Quinn,Genderfluid,2/11/1978,MI
15,Tiffie,Non-binary,9/6/1992,LA
16,Nerita,Polygender,11/25/1950,FL
17,Darb,Male,10/26/1998,VA
18,Anderea,Non-binary,5/16/1943,TX
19,Glynda,Male,6/2/1916,NM
20,Gizela,Male,12/25/1954,FL
21,Iolande,Female,2/5/1917,KY
22,Holt,Male,6/21/1980,OK
23,Antonio,Polygender,8/18/1933,WI
24,Maje,Genderfluid,5/8/1958,NY
25,Kaspar,Genderqueer,11/27/1919,FL
26,Consalve,Non-binary,11/9/1918,NY
27,Selig,Agender,4/30/1954,CT
28,Dougie,Female,4/10/1995,FL
29,Marja,Genderfluid,11/22/1964,NV
30,Merralee,Genderqueer,12/11/1990,IL
31,Alina,Bigender,11/9/1939,NC
32,Seward,Non-binary,3/16/1988,MO
33,Happy,Polygender,8/25/1913,TX
34,Mandel,Female,4/5/1984,CA
35,Sean,Non-binary,6/14/1996,WV
36,Townie,Bigender,7/15/1950,CA
37,Gabriel,Genderfluid,9/12/1966,FL
38,Henrietta,Genderfluid,10/12/1931,CA
39,Trudie,Polygender,1/23/1981,CO
40,Shawnee,Bigender,9/29/1933,NY
41,Car,Non-binary,1/5/1932,NY
42,Estelle,Female,4/20/1988,GA
43,Dionis,Male,11/19/1991,WV
44,Celle,Agender,10/8/1971,FL
45,Beck,Female,1/19/1933,PA
46,Lionello,Male,1/27/1944,FL
47,Francisca,Male,5/7/1965,MO
48,Felipe,Polygender,1/2/1914,CA
49,Filberto,Male,8/27/1924,OR
50,Humbert,Agender,11/8/1946,NY
51,Bald,Non-binary,10/17/1926,NY
52,Pernell,Female,9/6/1918,PA
53,Dierdre,Genderfluid,12/2/1965,OK
54,Natalee,Genderfluid,3/2/1981,TX
55,Rodi,Bigender,7/3/1986,NJ
56,Florida,Genderqueer,4/24/1952,LA
57,Yasmin,Genderfluid,11/22/1933,CA
58,Joanie,Genderqueer,9/17/1941,IA
59,Dorri,Agender,8/2/1967,CA
60,Hector,Male,8/16/1968,CA
61,Brant,Polygender,5/23/1973,PA
62,Nelli,Bigender,12/27/1942,CO
63,Sholom,Genderqueer,7/12/1967,PA
64,Steffie,Polygender,9/7/1972,OK
65,Rhys,Non-binary,6/3/1944,HI
66,Jamima,Genderfluid,10/8/1928,IN
67,Helli,Bigender,2/9/1957,CA
68,Burty,Bigender,4/2/1954,AR
69,Louisa,Genderfluid,7/31/1953,CT
70,Michaelina,Genderqueer,11/20/1967,TX
71,Ilyse,Genderqueer,10/8/1933,IL
72,Shina,Genderfluid,3/12/1951,NV
73,Antoine,Male,10/23/1919,CA
74,Maddalena,Genderqueer,1/27/1973,NV
75,Jamison,Male,4/5/1963,FL
76,Farica,Female,8/9/1915,NH
77,Shoshana,Bigender,11/25/1938,NY
78,Revkah,Female,3/21/1927,CA
79,Lodovico,Genderqueer,1/18/1922,OH
80,Gay,Male,2/11/1957,IN
81,Sly,Male,9/28/1998,GA
82,Randi,Non-binary,10/21/1949,OK
83,Eddi,Male,12/10/1958,GA
84,Lucina,Non-binary,3/25/1919,VA
85,Margot,Genderqueer,3/12/1997,NJ
86,Alika,Female,3/21/1928,NY
87,Darrin,Agender,7/22/1938,IA
88,Brian,Bigender,2/21/1942,FL
89,Tymon,Agender,12/15/1976,VA
90,Pia,Non-binary,9/11/1961,AK
91,Antonietta,Genderfluid,5/14/1993,DC
92,Ron,Female,6/10/1935,CO
93,Michael,Polygender,5/9/1982,CA
94,Lion,Polygender,11/27/1968,CA
95,Bronny,Male,8/30/1950,CA
96,Claudette,Genderfluid,10/16/1964,NY
97,Geralda,Polygender,11/16/1966,NM
98,Marcella,Male,5/22/1957,NJ
99,Sena,Non-binary,10/18/1971,MO
100,Daisi,Male,12/16/1930,MN
101,Curcio,Bigender,9/8/1976,NV
102,Clementia,Non-binary,8/11/1925,TX
103,Papageno,Male,4/26/1997,PA
104,Holly-anne,Agender,12/20/1937,FL
105,Malissia,Agender,2/23/1929,NY
106,Dorene,Male,11/3/1951,VA
107,Josepha,Genderqueer,10/3/1993,MN
108,Eben,Polygender,2/13/1913,AZ
109,Carissa,Non-binary,3/27/1944,FL
110,Malchy,Bigender,7/30/1942,FL
111,Yancey,Female,4/12/1954,TX
112,Adrian,Polygender,9/20/1939,MI
113,Niki,Female,10/4/1985,DC
114,Etty,Genderqueer,12/28/1995,TX
115,Kipper,Polygender,10/23/1976,AL
116,Cordelia,Genderfluid,9/30/1992,CA
117,Giacopo,Genderqueer,12/21/1987,CA
118,Farra,Non-binary,10/29/1983,VA
119,Kikelia,Bigender,5/9/1948,WA
120,Crichton,Agender,11/25/1924,CA
121,Doralia,Genderfluid,11/28/1937,AL
122,Minna,Male,5/27/1969,TN
123,Eolanda,Agender,1/24/1921,TX
124,Devin,Female,6/19/1922,VA
125,Diane-marie,Female,9/13/1938,TN
126,Becki,Bigender,9/29/1927,OH
127,Alyss,Bigender,11/3/1929,FL
128,Lanette,Genderfluid,5/4/1933,CA
129,Codee,Non-binary,9/25/1927,NV
130,Devy,Female,10/15/1923,NV
131,Valera,Genderqueer,10/20/1997,WA
132,Bruce,Polygender,4/18/1964,AZ
133,Alphonse,Agender,4/3/1932,AL
134,Minor,Non-binary,3/3/1915,CA
135,Jacinta,Bigender,11/1/1918,CA
136,Aleda,Non-binary,10/27/1918,IL
137,Marlena,Genderfluid,11/19/1940,NV
138,Anselma,Non-binary,12/29/1976,IL
139,Kevina,Polygender,9/5/1944,DC
140,Charlotta,Genderfluid,10/7/1982,DC
141,Angelo,Female,10/14/1927,FL
142,Lockwood,Polygender,1/3/1993,MN
143,Philip,Genderqueer,11/19/1943,FL
144,Estell,Non-binary,10/24/1958,OK
145,Bethena,Genderqueer,6/9/1963,KS
146,Opalina,Male,8/20/1945,MD
147,Drucie,Polygender,5/18/1915,TX
148,Welby,Bigender,10/17/1968,NY
149,Benedetta,Polygender,2/12/1990,PA
150,Carmelle,Genderfluid,12/31/1945,OH
151,Caroljean,Male,6/18/1913,GA
152,Dinah,Genderqueer,10/19/1922,TX
153,Caddric,Agender,9/3/1987,OH
154,Demetria,Polygender,4/7/1937,OR
155,Alejandra,Agender,11/30/1922,OR
156,Edy,Male,8/2/1940,TX
157,Helen,Genderfluid,1/22/1948,AZ
158,Kain,Non-binary,3/1/1983,PA
159,Ben,Polygender,3/10/1916,PA
160,Clara,Genderfluid,9/11/1920,IA
161,Ody,Agender,6/10/1980,NC
162,Isabella,Polygender,2/8/1989,TX
163,Alaric,Genderfluid,5/6/1930,MD
164,Gerardo,Genderfluid,5/12/1942,NY
165,Tina,Agender,9/25/1942,FL
166,Dene,Polygender,10/27/1974,CA
167,Martelle,Bigender,12/11/1911,VA
168,Chloette,Non-binary,6/10/1959,IL
169,Cullie,Female,5/27/1926,TX
170,Meredithe,Genderfluid,9/9/1998,AZ
171,Myrle,Polygender,12/6/1945,GA
172,Carley,Non-binary,2/25/1925,OH
173,Gerald,Bigender,12/26/1981,TX
174,Martelle,Agender,10/10/1920,TX
175,Letta,Genderqueer,5/6/1996,TX
176,Ellwood,Non-binary,5/11/1912,WV
177,Bone,Male,6/2/1964,TX
178,Dunstan,Female,5/11/1933,MN
179,Chrystel,Non-binary,8/14/1933,WA
180,Benni,Agender,6/19/1963,LA
181,Ethelyn,Bigender,10/16/1930,MO
182,Barn,Genderqueer,2/15/1986,LA
183,Tally,Male,10/20/1984,VA
184,Max,Polygender,12/9/1997,IA
185,Cally,Polygender,12/11/1990,IL
186,Sharla,Non-binary,8/9/1928,WV
187,Lyndsie,Polygender,8/17/1918,PA
188,Danya,Genderfluid,2/28/1926,WA
189,Amie,Polygender,8/9/1953,OH
190,Retha,Bigender,2/10/1929,OH
191,Brigit,Female,7/22/1914,CA
192,Lindsey,Female,2/20/1951,GA
193,Brannon,Polygender,1/5/1916,CA
194,Israel,Non-binary,1/9/1933,MO
195,Zuzana,Agender,8/22/1934,NY
196,Hendrick,Agender,1/25/1987,FL
197,Dukey,Non-binary,6/21/1977,AL
198,Weber,Male,9/29/1945,OH
199,Ty,Genderfluid,3/9/1992,DC
200,Allison,Polygender,2/17/1931,FL
201,Minnie,Male,4/13/1961,TX
202,Gherardo,Female,4/8/1983,TN
203,Valina,Non-binary,4/19/1954,MO
204,Emlynn,Bigender,11/16/1966,CA
205,Wilhelmine,Male,11/16/1971,TX
206,Bobinette,Agender,6/14/1966,OH
207,Zebadiah,Male,4/2/1989,FL
208,Lola,Non-binary,6/12/1980,TX
209,Amory,Male,12/23/1949,MO
210,Dniren,Female,5/1/1949,FL
211,Vidovik,Bigender,12/17/1992,MN
212,Debra,Male,4/1/1975,VA
213,Drusilla,Polygender,5/17/1957,KS
214,Jenny,Genderqueer,9/12/1953,CO
215,Gare,Male,3/14/1949,TX
216,Ephrem,Genderfluid,5/30/1992,VA
217,Hunt,Female,6/13/1962,NC
218,Farris,Female,9/26/1921,DC
219,L;urette,Female,1/5/1995,TX
220,Pooh,Genderfluid,6/29/1965,KS
221,Locke,Genderfluid,9/3/1925,IN
222,De witt,Non-binary,6/11/1996,KY
223,Ermanno,Genderfluid,5/19/1970,FL
224,Theodosia,Polygender,4/30/1948,DC
225,Ivett,Male,1/16/1914,AK
226,Manfred,Non-binary,11/28/1939,CA
227,Ray,Agender,1/1/1948,MS
228,Kaylil,Non-binary,9/7/1930,IN
229,Drucill,Bigender,2/27/1932,OH
230,Dar,Agender,10/23/1939,FL
231,Karole,Agender,3/11/1927,GA
232,Milt,Genderqueer,2/24/1981,MS
233,Miof mela,Bigender,5/6/1974,DC
234,Raynor,Genderfluid,8/27/1945,MO
235,Inga,Female,10/30/1922,CO
236,Glenine,Polygender,12/18/1920,MN
237,Merissa,Agender,10/22/1953,CO
238,Dorian,Genderqueer,11/16/1981,OH
239,Cello,Female,2/25/1924,NC
240,Zacharie,Female,8/25/1985,TX
241,Gabriello,Bigender,2/19/1979,FL
242,Vincenz,Polygender,12/15/1919,NY
243,Toddie,Genderfluid,11/10/1979,CT
244,Kelley,Agender,3/29/1961,TX
245,Monah,Agender,1/17/1944,AR
246,Caroline,Polygender,4/7/1976,GA
247,Richardo,Genderqueer,5/26/1947,CT
248,Constancia,Female,2/17/1950,AZ
249,Lynnea,Polygender,2/21/1915,CA
250,Ellsworth,Genderqueer,3/15/1964,NJ
251,Roberta,Agender,8/11/1956,OR
252,Rana,Non-binary,8/31/1966,IL
253,Berton,Non-binary,11/9/1913,KY
254,Ralf,Polygender,5/10/1913,TX
255,Codi,Agender,9/7/1946,FL
256,Tabby,Female,1/21/1975,CT
257,Ola,Bigender,9/27/1922,MN
258,Jed,Bigender,9/18/1988,IL
259,Madelon,Male,6/9/1991,IL
260,Paulette,Agender,1/2/1940,TX
261,Robinette,Non-binary,8/17/1913,TX
262,Sioux,Non-binary,8/7/1953,NY
263,Harriet,Non-binary,6/11/1939,NV
264,Catharine,Agender,11/13/1970,MT
265,Randi,Genderqueer,9/3/1937,AK
266,Malvin,Male,11/10/1981,DE
267,Douglass,Agender,10/10/1921,NH
268,Myrtle,Genderqueer,8/22/1927,CA
269,Tiphanie,Agender,4/10/1914,CA
270,Kathrine,Genderqueer,8/14/1922,PA
271,Aili,Genderqueer,5/15/1960,NJ
272,Erroll,Male,6/30/1983,OH
273,Jilly,Male,12/24/1966,IL
274,Myles,Female,11/28/1977,WY
275,Herve,Genderfluid,8/12/1968,WV
276,Jeremias,Bigender,11/25/1967,TN
277,Belinda,Bigender,3/12/1989,NY
278,Pail,Polygender,3/31/1927,UT
279,Byrom,Male,10/15/1913,TX
280,Vinita,Polygender,3/31/1924,CA
281,Sashenka,Genderqueer,8/3/1918,MN
282,Janean,Bigender,11/4/1929,LA
283,Desmond,Agender,9/21/1919,CA
284,Rikki,Non-binary,5/24/1951,TX
285,Gualterio,Male,12/27/1937,TX
286,Martica,Polygender,1/29/1969,TX
287,Ebba,Polygender,6/29/1969,OH
288,Ginni,Bigender,5/2/1978,MI
289,Rodi,Genderfluid,8/2/1945,NY
290,Kiele,Genderfluid,1/14/1984,TX
291,Edith,Genderfluid,3/6/1956,NY
292,Abbye,Female,9/7/1949,VA
293,Earle,Agender,6/17/1986,AL
294,Bev,Male,6/16/1945,IL
295,Bibi,Agender,6/4/1966,NM
296,Manfred,Female,11/18/1918,KS
297,Marcela,Genderqueer,12/1/1974,MO
298,Rhody,Agender,7/17/1913,MA
299,Scot,Non-binary,5/3/1916,TN
300,Daria,Agender,10/8/1976,MD